id,surname,firstname,middlename,birthday,gender,have_childrens
1,Stanton,Lucas,Lucas Stanton,1985-07-22 11:29:08,Male,1
2,Vernon,Cedrick,Cedrick Vernon,1985-11-12 11:05:50,Male,0
3,Payne,Benny,Benny Payne,1971-03-07 15:20:46,Male,0
4,Pickard,Chuck,Chuck Pickard,1995-06-25 13:24:31,Male,1
5,Thomson,Kendra,Kendra Thomson,1961-10-25 11:14:32,Female,0
6,Hall,Alexander,Alexander Hall,1967-10-29 14:25:05,Male,1
7,Morris,Emmanuelle,Emmanuelle Morris,1949-11-27 21:57:06,Female,1
8,Palmer,Rita,Rita Palmer,1972-09-11 04:46:36,Female,0
9,Watson,Ronald,Ronald Watson,1964-02-12 20:35:13,Male,0
10,Willson,Francesca,Francesca Willson,1976-02-12 18:33:15,Female,1
11,Scott,Bethany,Bethany Scott,1954-07-07 03:58:51,Female,1
12,Boden,Angela,Angela Boden,1949-12-11 17:26:57,Female,0
13,Riley,Ember,Ember Riley,1962-10-29 18:49:38,Female,1
14,Windsor,Ron,Ron Windsor,1975-09-02 05:43:00,Male,1
15,Potts,Liam,Liam Potts,1947-11-05 10:52:00,Male,1
16,Sinclair,Nick,Nick Sinclair,1998-03-16 13:39:34,Male,1
17,Emmott,Kurt,Kurt Emmott,1951-05-07 11:37:42,Male,0
18,Osmond,Ronald,Ronald Osmond,1961-02-14 01:42:52,Male,1
19,Johnson,Janice,Janice Johnson,1954-04-22 06:36:56,Female,1
20,Robe,Makena,Makena Robe,1947-06-25 21:06:02,Female,1
21,Ripley,Aisha,Aisha Ripley,1959-05-15 06:31:51,Female,1
22,Hewitt,Elise,Elise Hewitt,1986-05-14 01:08:19,Female,0
23,James,Kieth,Kieth James,1956-11-28 02:08:37,Male,0
24,Daniells,Caleb,Caleb Daniells,1994-01-21 05:46:57,Male,1
25,Needham,Denis,Denis Needham,1988-01-24 06:12:51,Male,0
26,Nicolas,Eduardo,Eduardo Nicolas,1961-04-08 15:28:09,Male,0
27,Speed,Denny,Denny Speed,1956-09-20 13:23:37,Male,0
28,Grady,Alexander,Alexander Grady,1983-05-22 17:54:11,Male,0
29,Myatt,Denny,Denny Myatt,1988-10-19 06:01:51,Male,0
30,Morley,Maia,Maia Morley,1949-06-04 16:33:08,Female,0
31,Sloan,Jayden,Jayden Sloan,1970-08-10 03:58:02,Male,0
32,Carson,Dani,Dani Carson,1947-09-20 01:20:53,Female,1
33,Clark,Brad,Brad Clark,1964-07-20 06:30:33,Male,0
34,Ralph,Leroy,Leroy Ralph,1961-03-01 12:32:20,Male,1
35,Sylvester,Camellia,Camellia Sylvester,1966-03-02 17:37:54,Female,0
36,Alcroft,Brad,Brad Alcroft,1994-09-20 03:41:31,Male,1
37,Adams,Caleb,Caleb Adams,1987-10-26 19:28:03,Male,1
38,Khan,Johnny,Johnny Khan,1986-12-11 15:27:50,Male,1
39,Morris,Fiona,Fiona Morris,1981-04-01 09:50:17,Female,1
40,Hastings,Agnes,Agnes Hastings,1977-01-31 16:39:19,Female,0
41,Buckley,Harvey,Harvey Buckley,1999-11-16 06:36:06,Male,0
42,Potter,Daron,Daron Potter,1989-06-28 01:31:20,Male,0
43,Greenwood,Candace,Candace Greenwood,1983-01-09 10:48:46,Female,1
44,Morrow,Isabel,Isabel Morrow,1981-07-07 09:35:08,Female,0
45,Styles,Martin,Martin Styles,1979-09-29 12:19:33,Male,0
46,Wild,Ramon,Ramon Wild,1972-09-04 05:43:44,Male,1
47,Clarke,Moira,Moira Clarke,1999-11-18 04:52:31,Female,0
48,Hudson,Erin,Erin Hudson,1984-09-02 14:09:27,Female,1
49,Richards,Tony,Tony Richards,1976-01-20 02:04:31,Male,0
50,Benson,Makenzie,Makenzie Benson,1984-04-17 20:05:12,Female,0
51,Cameron,Chadwick,Chadwick Cameron,1986-12-26 01:53:30,Male,1
52,Barclay,Sharon,Sharon Barclay,1990-07-16 00:25:19,Female,0
53,Waterson,Hank,Hank Waterson,1999-02-20 10:46:20,Male,1
54,Tailor,Denny,Denny Tailor,1960-08-19 11:56:34,Male,0
55,Randall,Adalind,Adalind Randall,1959-05-03 00:21:55,Female,1
56,Cattell,Ronald,Ronald Cattell,1980-08-17 08:25:08,Male,0
57,Upton,Maddison,Maddison Upton,1977-06-22 09:39:16,Female,1
58,Groves,Ethan,Ethan Groves,1961-01-04 05:31:10,Male,0
59,Murray,Jackeline,Jackeline Murray,1990-07-25 00:50:03,Female,0
60,Blythe,Shelby,Shelby Blythe,1996-05-18 02:33:09,Female,1
61,Weasley,Rachael,Rachael Weasley,1980-11-28 21:14:45,Female,0
62,Michael,Alison,Alison Michael,1971-09-20 10:05:29,Female,0
63,Bailey,Wendy,Wendy Bailey,1959-12-12 11:22:31,Female,0
64,Cavanagh,Ryan,Ryan Cavanagh,1979-10-27 02:03:05,Male,1
65,Baker,Maddison,Maddison Baker,1981-08-20 00:51:54,Female,1
66,Murphy,Marla,Marla Murphy,1982-09-20 09:36:38,Female,1
67,Waterson,Chuck,Chuck Waterson,1986-10-08 02:15:33,Male,0
68,Stubbs,Ellen,Ellen Stubbs,1999-11-22 08:24:17,Female,0
69,Collis,Kaylee,Kaylee Collis,1953-03-31 07:00:25,Female,0
70,Truscott,Jack,Jack Truscott,1997-12-25 22:48:27,Male,0
71,Hardwick,Daniel,Daniel Hardwick,1990-12-07 01:05:33,Male,0
72,Price,Bryce,Bryce Price,1960-03-13 08:42:07,Female,0
73,Denton,Andrea,Andrea Denton,1998-07-09 07:37:43,Female,1
74,Wilton,Priscilla,Priscilla Wilton,1955-06-25 12:41:17,Female,1
75,Powell,Javier,Javier Powell,1971-01-21 12:43:25,Male,1
76,Stone,Hayden,Hayden Stone,1985-02-07 18:06:46,Female,1
77,Cavanagh,Boris,Boris Cavanagh,1961-09-06 01:29:17,Male,0
78,Allwood,Michael,Michael Allwood,1951-05-08 21:52:03,Male,1
79,Cadman,Hayden,Hayden Cadman,1993-01-28 12:50:15,Female,1
80,Silva,Ryan,Ryan Silva,1993-02-02 08:07:23,Male,0
81,Clarke,Noah,Noah Clarke,1982-06-28 03:50:32,Male,0
82,Greenwood,Sienna,Sienna Greenwood,1995-01-29 15:15:15,Female,1
83,Greenwood,Johnny,Johnny Greenwood,1994-05-22 00:04:40,Male,1
84,Clifton,Alessia,Alessia Clifton,1969-04-24 15:10:15,Female,1
85,Harrison,Russel,Russel Harrison,1996-11-06 07:39:12,Male,1
86,Steer,Rufus,Rufus Steer,1963-09-14 13:25:19,Male,1
87,London,Anabel,Anabel London,1991-06-20 22:50:18,Female,1
88,Redden,Maggie,Maggie Redden,1980-12-15 14:30:58,Female,1
89,Bradley,Callie,Callie Bradley,1981-10-09 15:34:42,Female,1
90,Wigley,Percy,Percy Wigley,1948-01-21 01:48:03,Male,0
91,Rogan,Rebecca,Rebecca Rogan,1979-01-03 14:21:31,Female,1
92,Mcgregor,Nick,Nick Mcgregor,1999-01-22 07:17:41,Male,0
93,Stanley,Sarah,Sarah Stanley,1984-02-26 02:17:38,Female,0
94,Dickson,Bryon,Bryon Dickson,1954-09-07 13:39:24,Male,1
95,Collingwood,Chuck,Chuck Collingwood,1998-11-07 02:39:33,Male,1
96,Hamilton,Grace,Grace Hamilton,1990-07-02 07:04:33,Female,1
97,Smith,Julia,Julia Smith,1996-04-24 21:18:42,Female,0
98,Nayler,Mike,Mike Nayler,1988-11-30 12:19:06,Male,0
99,Gallacher,Bob,Bob Gallacher,1983-05-16 02:45:57,Male,0
100,Pitt,Manuel,Manuel Pitt,1960-11-19 13:17:20,Male,0
101,Higgs,Drew,Drew Higgs,1982-02-04 05:35:48,Female,1
102,Jarrett,Aiden,Aiden Jarrett,1981-06-26 16:08:47,Male,1
103,Duvall,Javier,Javier Duvall,1959-04-05 21:00:04,Male,1
104,Lynn,Phillip,Phillip Lynn,1972-10-29 09:52:36,Male,1
105,Townend,George,George Townend,1996-12-03 19:14:39,Male,1
106,Chadwick,Aiden,Aiden Chadwick,1984-09-28 10:18:48,Male,1
107,Horton,Catherine,Catherine Horton,1988-08-14 13:10:16,Female,0
108,Watson,Clint,Clint Watson,1979-06-04 00:47:33,Male,0
109,Hunt,Barry,Barry Hunt,1996-04-21 12:29:02,Male,1
110,Blackburn,Grace,Grace Blackburn,1965-10-17 15:51:17,Female,0
111,Stevens,Deborah,Deborah Stevens,1966-10-11 15:01:45,Female,0
112,Tailor,Julia,Julia Tailor,1983-08-22 03:06:39,Female,1
113,Cowan,Luke,Luke Cowan,1954-09-30 17:14:08,Male,1
114,Kirby,Lara,Lara Kirby,1981-09-12 07:54:50,Female,1
115,Nash,Hadley,Hadley Nash,1957-03-15 03:18:05,Female,1
116,Ross,Sofie,Sofie Ross,1993-03-06 15:45:08,Female,0
117,Ellis,Greta,Greta Ellis,1989-10-29 05:11:27,Female,0
118,Clarke,Alex,Alex Clarke,1950-12-31 19:30:26,Female,0
119,Gilbert,Russel,Russel Gilbert,1952-02-11 00:09:03,Male,1
120,Kelly,Lorraine,Lorraine Kelly,1980-02-25 11:24:26,Female,1
121,Irwin,Bryon,Bryon Irwin,1947-07-29 16:51:10,Male,1
122,Horton,Emery,Emery Horton,1980-06-20 09:36:24,Female,1
123,Hogg,Matthew,Matthew Hogg,1989-03-31 17:06:50,Male,1
124,Ashwell,Daron,Daron Ashwell,1969-03-27 14:29:39,Male,0
125,Rogers,Peter,Peter Rogers,1978-04-27 21:56:22,Male,0
126,Fox,Barry,Barry Fox,1988-11-26 04:51:40,Male,0
127,Tyrrell,William,William Tyrrell,1958-09-07 03:38:12,Male,0
128,Downing,Penny,Penny Downing,1989-10-17 21:39:19,Female,1
129,Carter,Joy,Joy Carter,1989-04-05 09:03:57,Female,1
130,Wilkinson,Maxwell,Maxwell Wilkinson,1970-01-26 16:11:36,Male,1
131,Ellis,Chadwick,Chadwick Ellis,1990-08-13 08:28:15,Male,0
132,Ventura,Alexander,Alexander Ventura,1976-05-23 10:46:44,Male,0
133,Lewis,Aiden,Aiden Lewis,1998-10-28 05:18:22,Male,1
134,Nurton,Peyton,Peyton Nurton,1954-09-12 04:22:48,Female,0
135,Lynn,Ally,Ally Lynn,1948-08-23 12:29:19,Female,0
136,Underhill,Rufus,Rufus Underhill,1968-11-05 15:16:12,Male,0
137,Vinton,Michael,Michael Vinton,1949-04-18 09:35:01,Male,0
138,Atkinson,Andie,Andie Atkinson,1971-05-29 16:21:09,Female,1
139,Morley,Enoch,Enoch Morley,1999-10-12 14:04:42,Male,0
140,Spencer,Chadwick,Chadwick Spencer,1997-12-13 21:55:05,Male,0
141,Vernon,Thea,Thea Vernon,1971-12-29 00:44:37,Female,1
142,Parker,Javier,Javier Parker,1954-12-22 05:39:14,Male,1
143,Jenkin,Adina,Adina Jenkin,1972-04-30 07:29:42,Female,0
144,Ryan,Julian,Julian Ryan,1952-05-29 08:14:31,Male,1
145,Dillon,Bryon,Bryon Dillon,1948-02-09 08:47:33,Male,1
146,Mitchell,Felicity,Felicity Mitchell,1984-05-05 16:38:01,Female,1
147,Ross,Tania,Tania Ross,1973-05-06 17:56:03,Female,1
148,Ripley,Rick,Rick Ripley,1995-12-17 14:08:22,Male,1
149,Gordon,Kieth,Kieth Gordon,1991-05-21 20:10:31,Male,1
150,Gallacher,Rocco,Rocco Gallacher,1951-08-02 01:46:06,Male,1
151,Cameron,Danny,Danny Cameron,1967-01-15 21:12:29,Male,1
152,Gallacher,Rihanna,Rihanna Gallacher,1984-01-23 07:30:48,Female,1
153,Jarvis,Isla,Isla Jarvis,1958-06-19 21:44:42,Female,1
154,Mooney,Domenic,Domenic Mooney,1990-11-05 18:16:38,Male,0
155,Pitt,Michael,Michael Pitt,1988-10-17 07:07:29,Male,1
156,Jordan,Peter,Peter Jordan,1963-09-15 06:36:42,Male,0
157,Rixon,Harry,Harry Rixon,1997-05-20 15:43:51,Male,1
158,Rogers,Aileen,Aileen Rogers,1996-09-03 00:50:51,Female,0
159,Stone ,Sabrina,Sabrina Stone ,1976-07-02 16:44:33,Female,1
160,Reynolds,Jack,Jack Reynolds,1988-03-09 02:48:17,Male,1
161,Poulton,Scarlett,Scarlett Poulton,1990-06-02 20:17:03,Female,0
162,Dowson,David,David Dowson,1979-11-07 10:34:22,Male,1
163,Oldfield,Chuck,Chuck Oldfield,1992-01-07 08:56:38,Male,0
164,Payne,Lucas,Lucas Payne,1956-01-05 14:11:04,Male,0
165,Bailey,Jack,Jack Bailey,1986-07-26 11:29:03,Male,1
166,Reynolds,Fred,Fred Reynolds,1992-02-27 08:54:11,Male,1
167,Pitt,Kurt,Kurt Pitt,1978-10-13 03:53:23,Male,1
168,Quinnell,Russel,Russel Quinnell,1995-07-21 12:36:04,Male,0
169,Eagle,Beatrice,Beatrice Eagle,1972-08-11 17:01:21,Female,1
170,Gallacher,Carissa,Carissa Gallacher,1973-02-13 22:17:35,Female,1
171,Coleman,George,George Coleman,1975-10-11 07:05:46,Male,1
172,Mccall,Fred,Fred Mccall,1951-11-20 17:40:26,Male,1
173,Jackson,Faith,Faith Jackson,1987-09-19 05:27:08,Female,0
174,Ellis,Valentina,Valentina Ellis,1955-06-16 07:15:00,Female,0
175,Edley,Hayden,Hayden Edley,1982-09-17 15:00:42,Male,1
176,Gregory,William,William Gregory,1969-12-27 00:56:09,Male,1
177,Emmett,Juliet,Juliet Emmett,1951-11-13 09:06:28,Female,1
178,Grady,Angelina,Angelina Grady,1971-04-04 01:23:04,Female,1
179,Silva,Benjamin,Benjamin Silva,1969-08-05 01:01:49,Male,0
180,Morris,Sydney,Sydney Morris,1952-08-06 22:31:17,Female,0
181,Locke,ara,ara Locke,1987-09-05 04:29:00,Female,0
182,Russell,Ronald,Ronald Russell,1980-09-10 08:29:35,Male,1
183,Forester,Cedrick,Cedrick Forester,1991-04-22 05:17:56,Male,1
184,Jordan,Rosalee,Rosalee Jordan,1958-08-10 03:15:57,Female,0
185,Robertson,Chuck,Chuck Robertson,1954-01-30 09:34:47,Male,0
186,Morgan,Harvey,Harvey Morgan,1960-11-19 11:05:54,Male,1
187,Santos,Benny,Benny Santos,1997-10-28 18:16:27,Male,1
188,Lane,Isabel,Isabel Lane,1986-09-04 15:01:45,Female,1
189,Larsen,Florence,Florence Larsen,1963-06-17 00:17:46,Female,1
190,Clark,Esmeralda,Esmeralda Clark,1994-11-06 06:10:12,Female,0
191,Armstrong,Chanelle,Chanelle Armstrong,1983-07-14 15:37:16,Female,0
192,Antcliff,Jayden,Jayden Antcliff,1989-03-13 11:57:41,Male,0
193,Everett,Leslie,Leslie Everett,1961-04-13 03:58:19,Female,1
194,Henderson,Mina,Mina Henderson,1961-08-03 12:12:36,Female,0
195,Brock,Maya,Maya Brock,1985-03-19 00:27:01,Female,1
196,Shields,Aiden,Aiden Shields,1982-12-01 04:00:22,Male,0
197,Reyes,Aleksandra,Aleksandra Reyes,1984-09-10 08:24:49,Female,1
198,Ellis,Hayden,Hayden Ellis,1951-04-15 04:50:36,Male,1
199,Jobson,Laila,Laila Jobson,1969-05-24 05:25:33,Female,1
200,Saunders,Tony,Tony Saunders,1966-08-17 20:01:58,Male,1
201,Grady,Trisha,Trisha Grady,1953-02-14 20:24:13,Female,1
202,Stanton,Daria,Daria Stanton,1980-08-23 01:11:40,Female,1
203,Steer,Anabelle,Anabelle Steer,1976-09-25 03:40:35,Female,1
204,Andersson,Piper,Piper Andersson,1991-09-25 02:04:07,Female,1
205,Briggs,Penelope,Penelope Briggs,1988-01-28 04:07:28,Female,1
206,Bristow,Carter,Carter Bristow,1997-06-26 15:44:28,Male,1
207,Locke,Marigold,Marigold Locke,1995-06-24 11:19:46,Female,1
208,Vernon,Martha,Martha Vernon,1956-05-19 11:48:10,Female,1
209,Porter,Daniel,Daniel Porter,1974-06-06 01:06:36,Male,0
210,Burge,Manuel,Manuel Burge,1955-06-12 08:07:04,Male,1
211,Locke,Mary,Mary Locke,1988-01-24 22:02:32,Female,1
212,Warner,Abbey,Abbey Warner,1953-04-05 17:43:44,Female,1
213,Morgan,Joseph,Joseph Morgan,1986-12-09 06:28:27,Male,0
214,Thomas,Chadwick,Chadwick Thomas,1966-08-27 02:27:23,Male,0
215,Greenwood,John,John Greenwood,1993-03-30 22:36:47,Male,0
216,Walker,Paige,Paige Walker,1953-01-01 09:16:25,Female,1
217,Goodman,Caleb,Caleb Goodman,1955-04-05 06:52:03,Male,0
218,Craig,Mark,Mark Craig,1984-07-18 16:45:36,Male,0
219,Donovan,Rose,Rose Donovan,1954-09-24 21:15:49,Female,0
220,Gosling,Camellia,Camellia Gosling,1951-04-18 21:05:00,Female,0
221,Jenkins,Denny,Denny Jenkins,1967-07-18 18:08:01,Male,1
222,Roberts,Hayden,Hayden Roberts,1979-05-30 11:00:51,Male,0
223,Blackwall,Russel,Russel Blackwall,1961-04-27 07:31:23,Male,0
224,Kerr,Jayden,Jayden Kerr,1957-10-08 16:58:09,Male,1
225,Upton,Taylor,Taylor Upton,1972-04-21 02:06:25,Female,1
226,Cooper,Kendra,Kendra Cooper,1972-01-29 04:53:18,Female,0
227,Russel,Cedrick,Cedrick Russel,1990-07-05 22:21:55,Male,1
228,Armstrong,Mark,Mark Armstrong,1993-08-29 10:28:48,Male,1
229,Shepherd,Francesca,Francesca Shepherd,1966-01-21 19:49:45,Female,1
230,Noon,Ron,Ron Noon,1967-06-14 20:31:46,Male,1
231,Graves,William,William Graves,1949-04-07 12:10:07,Male,0
232,Holmes,Eden,Eden Holmes,1980-12-23 14:21:53,Female,1
233,Slater,Shannon,Shannon Slater,1950-06-17 01:13:54,Female,1
234,Khan,Brad,Brad Khan,1987-09-18 02:24:47,Male,1
235,Denton,Susan,Susan Denton,1959-03-18 05:56:28,Female,0
236,Parsons,Kieth,Kieth Parsons,1963-02-24 11:55:43,Male,1
237,Ventura,Hank,Hank Ventura,1990-03-26 02:40:52,Male,1
238,Vernon,Carmella,Carmella Vernon,1954-10-14 19:05:45,Female,0
239,Fox,George,George Fox,1975-07-04 13:45:13,Male,0
240,Harris,Julius,Julius Harris,1964-06-14 00:05:10,Male,1
241,Jordan,Wade,Wade Jordan,1955-03-12 07:24:14,Male,1
242,Thompson,Tiffany,Tiffany Thompson,1994-09-21 12:31:19,Female,0
243,Turner,Owen,Owen Turner,1969-03-29 13:02:16,Male,0
244,Dale,Julius,Julius Dale,1977-04-02 22:11:45,Male,1
245,Kidd,Alan,Alan Kidd,1954-04-09 06:09:11,Male,1
246,York,Jamie,Jamie York,1954-10-27 22:14:39,Female,1
247,Nielson,Eden,Eden Nielson,1956-09-29 20:44:36,Female,1
248,Forester,Abdul,Abdul Forester,1969-02-21 02:08:44,Male,0
249,West,Tara,Tara West,1972-11-18 05:40:41,Female,0
250,Chapman,Joseph,Joseph Chapman,1970-08-03 20:26:13,Male,1
251,Watson,Jolene,Jolene Watson,1972-11-20 12:03:30,Female,0
252,Franks,Jayden,Jayden Franks,1964-11-21 09:03:16,Male,1
253,Driscoll,Mavis,Mavis Driscoll,1993-05-18 10:23:33,Female,0
254,Todd,Bree,Bree Todd,1963-11-11 04:00:45,Female,0
255,Knight,Ember,Ember Knight,1963-06-14 22:54:33,Female,0
256,Powell,Claire,Claire Powell,1984-06-10 03:23:29,Female,0
257,Jarvis,Boris,Boris Jarvis,1975-06-01 21:13:42,Male,1
258,Hudson,Hank,Hank Hudson,1961-10-12 12:51:18,Male,1
259,Ellis,Barry,Barry Ellis,1992-04-16 06:19:17,Male,0
260,Norman,Jayden,Jayden Norman,1972-04-21 18:34:05,Male,1
261,Mccormick,Mike,Mike Mccormick,1989-05-04 13:21:03,Male,1
262,Parker,Hazel,Hazel Parker,1979-03-21 08:54:36,Female,1
263,Holmes,Makenzie,Makenzie Holmes,1968-08-23 05:15:54,Female,1
264,Larkin,Marissa,Marissa Larkin,1979-02-16 04:23:42,Female,1
265,Allen,Winnie,Winnie Allen,1992-03-06 18:57:25,Female,1
266,Torres,Harriet,Harriet Torres,1966-03-05 19:14:16,Female,0
267,Hancock,Quinn,Quinn Hancock,1974-11-30 19:43:55,Female,0
268,Richardson,Marissa,Marissa Richardson,1948-11-03 20:05:11,Female,1
269,Wild,Doug,Doug Wild,1951-02-04 22:50:13,Male,1
270,Ianson,Carter,Carter Ianson,1957-04-16 07:47:58,Male,1
271,Ripley,Brad,Brad Ripley,1998-11-10 20:18:25,Male,1
272,Dempsey,Jacob,Jacob Dempsey,1985-05-05 03:12:47,Male,1
273,Shelton,Vivian,Vivian Shelton,1969-06-28 06:47:08,Female,0
274,Porter,Kieth,Kieth Porter,1980-07-16 00:15:22,Male,0
275,Cadman,Doug,Doug Cadman,1982-02-19 14:57:45,Male,1
276,Hilton,Tyler,Tyler Hilton,1985-01-23 08:36:17,Male,1
277,Vaughn,Ethan,Ethan Vaughn,1971-08-09 19:32:02,Male,0
278,Asher,Morgan,Morgan Asher,1953-07-16 07:26:02,Female,1
279,Hall,Lara,Lara Hall,1981-12-01 14:40:35,Female,1
280,Cartwright,Kirsten,Kirsten Cartwright,1967-08-16 07:28:38,Female,0
281,Vallory,Courtney,Courtney Vallory,1968-09-13 14:48:15,Female,0
282,Campbell,Gemma,Gemma Campbell,1979-06-01 15:43:30,Female,0
283,Woodley,Alma,Alma Woodley,1973-04-02 19:53:06,Female,0
284,Walter,Vivian,Vivian Walter,1963-09-19 10:00:44,Female,0
285,Nobbs,Gwenyth,Gwenyth Nobbs,1977-01-24 09:55:01,Female,0
286,Hancock,Lexi,Lexi Hancock,1954-11-26 19:35:42,Female,0
287,Young,Denis,Denis Young,1993-08-02 06:45:54,Male,0
288,Steer,Vivian,Vivian Steer,1976-08-21 19:35:47,Female,0
289,Snell,Matt,Matt Snell,1971-08-06 10:40:04,Male,0
290,Powell,Rocco,Rocco Powell,1949-05-22 13:00:04,Male,0
291,Long,Paula,Paula Long,1967-11-11 14:57:54,Female,0
292,White,Joseph,Joseph White,1980-09-30 08:39:58,Male,0
293,Calderwood,Bart,Bart Calderwood,1955-11-02 18:05:32,Male,0
294,Beal,Michelle,Michelle Beal,1980-03-02 10:21:03,Female,0
295,Donovan,Ronald,Ronald Donovan,1949-04-01 12:26:34,Male,0
296,Pickard,Erin,Erin Pickard,1955-04-01 00:28:12,Female,0
297,Archer,Selena,Selena Archer,1987-04-06 19:23:14,Female,0
298,Rosenbloom,Hayden,Hayden Rosenbloom,1967-08-21 13:38:53,Male,0
299,Kerr,Stacy,Stacy Kerr,1978-12-09 13:52:12,Female,0
300,Gates,Carter,Carter Gates,1948-03-04 09:17:42,Male,0
301,Roberts,Paige,Paige Roberts,1979-01-25 18:46:23,Female,0
302,Kirby,Russel,Russel Kirby,1984-03-08 05:46:34,Male,0
303,Daniells,Chadwick,Chadwick Daniells,1986-12-08 12:45:10,Male,0
304,Abbey,Javier,Javier Abbey,1977-02-08 15:02:52,Male,0
305,Martin,Henry,Henry Martin,1973-06-04 04:33:33,Male,0
306,Stewart,Drew,Drew Stewart,1954-05-20 09:58:58,Female,0
307,Avery,Russel,Russel Avery,1979-01-16 09:54:05,Male,0
308,Long,Chelsea,Chelsea Long,1969-06-14 18:26:31,Female,0
309,Kerr,Danny,Danny Kerr,1989-09-12 04:19:46,Male,0
310,Parker,Tony,Tony Parker,1956-06-13 13:18:24,Male,0
311,Santos,Remy,Remy Santos,1955-01-16 09:55:06,Female,0
312,Morley,Hayden,Hayden Morley,1965-08-11 13:21:45,Male,0
313,Varley,Macy,Macy Varley,1954-04-27 18:58:44,Female,0
314,Mitchell,Isabella,Isabella Mitchell,1952-07-22 00:20:00,Female,0
315,Allington,Peter,Peter Allington,1988-04-02 15:46:32,Male,0
316,Nash,Lara,Lara Nash,1988-04-08 09:46:49,Female,0
317,Appleton,Rita,Rita Appleton,1989-01-08 09:11:38,Female,0
318,Farrell,Aisha,Aisha Farrell,1975-03-26 07:51:12,Female,0
319,Rainford,Daniel,Daniel Rainford,1968-03-24 13:34:53,Male,0
320,Andersson,Logan,Logan Andersson,1951-07-26 06:30:27,Male,0
321,Davies,Carol,Carol Davies,1961-06-25 02:52:22,Female,0
322,Fox,Alexa,Alexa Fox,1974-10-11 12:05:05,Female,0
323,Cavanagh,Miley,Miley Cavanagh,1974-11-18 20:57:33,Female,0
324,Shaw,Hadley,Hadley Shaw,1990-02-17 01:33:46,Female,0
325,Baldwin,Payton,Payton Baldwin,1948-09-25 00:54:48,Female,0
326,Knott,Ellen,Ellen Knott,1973-05-23 22:26:10,Female,0
327,Freeburn,Mavis,Mavis Freeburn,1984-10-11 16:22:36,Female,0
328,Miller,Julian,Julian Miller,1981-11-06 16:22:24,Male,0
329,Brooks,Denis,Denis Brooks,1955-03-06 16:43:18,Male,0
330,Hamilton,Rocco,Rocco Hamilton,1987-03-31 14:32:38,Male,0
331,Ellis,Estrella,Estrella Ellis,1981-05-11 09:26:05,Female,0
332,Moran,Phillip,Phillip Moran,1978-07-30 01:53:20,Male,0
333,Hooper,Harvey,Harvey Hooper,1948-12-28 08:33:00,Male,0
334,Moore,Janice,Janice Moore,1955-11-14 22:54:42,Female,0
335,Stewart,Marjorie,Marjorie Stewart,1968-01-08 01:25:31,Female,0
336,Powell,Mackenzie,Mackenzie Powell,1996-03-17 09:46:57,Female,0
337,Reid,Daniel,Daniel Reid,1972-04-15 14:04:12,Male,0
338,Stewart,Abdul,Abdul Stewart,1985-07-24 19:32:07,Male,0
339,Flynn,Courtney,Courtney Flynn,1967-05-07 11:58:10,Female,0
340,Bloom,Francesca,Francesca Bloom,1974-07-04 04:23:57,Female,0
341,Norton,Robyn,Robyn Norton,1971-03-10 04:58:58,Female,0
342,Roberts,Belinda,Belinda Roberts,1984-04-03 18:05:37,Female,0
343,Farrell,Chadwick,Chadwick Farrell,1995-12-29 06:20:25,Male,0
344,Gavin,Madelyn,Madelyn Gavin,1966-09-08 17:58:52,Female,0
345,Hancock,Rowan,Rowan Hancock,1988-12-19 08:50:22,Female,0
346,Clarke,Adalind,Adalind Clarke,1963-12-28 20:15:28,Female,0
347,Wooldridge,Parker,Parker Wooldridge,1984-03-03 00:57:00,Female,0
348,Collis,Sebastian,Sebastian Collis,1991-11-11 18:29:21,Male,0
349,Warner,Henry,Henry Warner,1974-07-07 12:43:03,Male,0
350,Clifton,Aiden,Aiden Clifton,1963-12-05 20:56:33,Male,0
351,Gordon,Ryan,Ryan Gordon,1974-06-21 17:25:34,Male,0
352,Mackenzie,Rowan,Rowan Mackenzie,1989-04-07 21:20:55,Female,0
353,Gonzales,Nathan,Nathan Gonzales,1976-05-13 14:24:03,Male,0
354,Benfield,Tara,Tara Benfield,1961-12-13 06:11:09,Female,0
355,Jefferson,Rick,Rick Jefferson,1980-11-16 21:12:24,Male,0
356,Underhill,Mavis,Mavis Underhill,1954-07-18 08:48:33,Female,0
357,Clayton,Enoch,Enoch Clayton,1955-09-20 10:27:11,Male,0
358,Gonzales,Chanelle,Chanelle Gonzales,1962-06-05 14:01:14,Female,0
359,Vernon,Alexander,Alexander Vernon,1955-12-10 03:38:46,Male,0
360,Wood,Denny,Denny Wood,1975-11-02 16:03:22,Male,0
361,Bailey,Alessia,Alessia Bailey,1955-03-08 09:08:36,Female,0
362,Rainford,Daria,Daria Rainford,1986-10-26 20:09:40,Female,0
363,Graham,Joseph,Joseph Graham,1953-11-13 08:49:01,Male,0
364,Redden,Gina,Gina Redden,1980-12-15 21:26:58,Female,0
365,Chapman,Anabel,Anabel Chapman,1984-04-23 12:40:24,Female,0
366,Oliver,Angelina,Angelina Oliver,1957-04-20 19:55:32,Female,0
367,Johnson,Valerie,Valerie Johnson,1979-09-20 02:40:57,Female,0
368,Swan,Wade,Wade Swan,1989-07-29 17:57:32,Male,0
369,Squire,Brad,Brad Squire,1951-04-18 16:31:21,Male,0
370,Quinton,Scarlett,Scarlett Quinton,1953-11-11 01:31:04,Female,0
371,Rivers,Clint,Clint Rivers,1978-03-30 16:09:37,Male,0
372,Franks,Doug,Doug Franks,1988-02-06 14:51:46,Male,0
373,Larsen,Rufus,Rufus Larsen,1982-02-18 05:15:39,Male,0
374,Pickard,Wade,Wade Pickard,1984-04-18 16:02:16,Male,0
375,Lee,Benny,Benny Lee,1952-12-02 10:25:00,Male,0
376,Wood,Alma,Alma Wood,1983-02-03 07:44:25,Female,0
377,Stewart,Belinda,Belinda Stewart,1960-03-17 20:09:47,Female,0
378,West,Ilona,Ilona West,1996-06-14 11:30:57,Female,0
379,Baker,Joseph,Joseph Baker,1950-08-29 15:08:46,Male,0
380,Shaw,Danny,Danny Shaw,1972-05-21 06:46:30,Male,0
381,Penn,Mya,Mya Penn,1969-02-26 06:17:12,Female,0
382,Lyon,Marvin,Marvin Lyon,1993-10-11 16:09:03,Male,0
383,Ross,David,David Ross,1983-09-01 10:17:13,Male,0
384,Thomson,Jayden,Jayden Thomson,1993-03-07 09:24:09,Male,0
385,Drummond,Fred,Fred Drummond,1971-07-28 19:57:33,Male,0
386,Rowlands,David,David Rowlands,1975-06-13 09:20:50,Male,0
387,Evans,Jolene,Jolene Evans,1969-10-25 04:25:56,Female,0
388,Wilkinson,Olivia,Olivia Wilkinson,1985-06-15 16:48:22,Female,0
389,Ellis,Katelyn,Katelyn Ellis,1954-06-08 02:28:48,Female,0
390,Mitchell,Luke,Luke Mitchell,1996-09-10 00:39:28,Male,0
391,Khan,Emma,Emma Khan,1961-12-16 11:10:07,Female,0
392,Milner,Karla,Karla Milner,1962-08-18 03:19:32,Female,0
393,Blythe,John,John Blythe,1971-03-06 14:43:37,Male,0
394,Devonport,Eduardo,Eduardo Devonport,1949-01-14 05:47:18,Male,0
395,Stubbs,Sienna,Sienna Stubbs,1952-09-29 00:48:27,Female,0
396,Wilson,Denis,Denis Wilson,1951-05-14 08:22:14,Male,0
397,Antcliff,Eduardo,Eduardo Antcliff,1956-08-12 14:45:28,Male,0
398,Collingwood,Elly,Elly Collingwood,1976-04-13 22:36:47,Female,0
399,Mcneill,David,David Mcneill,1971-09-19 22:33:21,Male,0
400,Watt,Stella,Stella Watt,1976-07-05 18:25:00,Female,0
401,Ramsey,Adalind,Adalind Ramsey,1949-06-09 14:18:51,Female,0
402,Simpson,Davina,Davina Simpson,1959-09-02 06:41:41,Female,0
403,Holmes,Francesca,Francesca Holmes,1966-06-07 18:26:57,Female,0
404,Kent,Tom,Tom Kent,1967-07-27 12:52:28,Male,0
405,Morgan,Nicole,Nicole Morgan,1988-12-31 13:35:15,Female,0
406,Hancock,Ally,Ally Hancock,1961-01-15 19:09:11,Female,0
407,Vangness,Josh,Josh Vangness,1992-01-31 01:57:56,Male,0
408,Furnell,Denny,Denny Furnell,1951-02-28 17:05:42,Male,0
409,Mann,Javier,Javier Mann,1990-06-20 02:00:09,Male,0
410,Maxwell,Mason,Mason Maxwell,1988-07-30 04:14:32,Male,0
411,Lloyd,Vera,Vera Lloyd,1998-05-15 18:42:42,Female,0
412,Riley,Paula,Paula Riley,1998-09-29 12:32:07,Female,0
413,Waterson,Bridget,Bridget Waterson,1994-01-12 15:55:55,Female,0
414,Cooper,Chuck,Chuck Cooper,1953-04-27 12:00:09,Male,0
415,Vince,Bernadette,Bernadette Vince,1970-10-14 02:12:21,Female,0
416,Richardson,Laila,Laila Richardson,1953-03-01 15:18:49,Female,0
417,Craig,Kimberly,Kimberly Craig,1977-07-03 00:08:33,Female,0
418,Locke,Fiona,Fiona Locke,1991-06-19 18:53:46,Female,0
419,Thompson,Elly,Elly Thompson,1997-01-04 11:27:33,Female,0
420,Drake,Carter,Carter Drake,1982-03-17 06:08:09,Male,0
421,Morrison,Ciara,Ciara Morrison,1997-02-05 20:33:52,Female,0
422,Wheeler,Shannon,Shannon Wheeler,1962-04-09 07:04:45,Female,0
423,Yarwood,Johnathan,Johnathan Yarwood,1968-06-14 00:17:45,Male,0
424,Roberts,Adeline,Adeline Roberts,1952-01-10 15:26:28,Female,0
425,Gray,Denis,Denis Gray,1960-05-30 01:46:03,Male,0
426,Stewart,Amy,Amy Stewart,1991-12-22 20:44:28,Female,0
427,Gordon,Anthony,Anthony Gordon,1948-06-15 03:17:08,Male,0
428,Brett,Adelaide,Adelaide Brett,1949-04-15 18:25:27,Female,0
429,Rehman,Harriet,Harriet Rehman,1995-02-17 07:34:53,Female,0
430,Pearce,Cecilia,Cecilia Pearce,1989-04-30 13:30:56,Female,0
431,Patel,Bristol,Bristol Patel,1976-05-11 02:32:04,Female,0
432,Wilcox,Liam,Liam Wilcox,1965-08-11 08:19:35,Male,0
433,Harper,Kenzie,Kenzie Harper,1966-08-14 02:15:22,Female,0
434,Mcguire,Chad,Chad Mcguire,1956-07-29 02:03:01,Male,0
435,Newton,Mason,Mason Newton,1960-06-17 19:08:12,Male,0
436,Ellis,Abbey,Abbey Ellis,1988-12-07 04:54:08,Female,0
437,Clarke,Roger,Roger Clarke,1997-03-29 03:36:36,Male,0
438,Mccormick,Matthew,Matthew Mccormick,1990-11-22 07:34:57,Male,0
439,Brown,Wendy,Wendy Brown,1947-04-19 03:52:11,Female,0
440,Harper,Candace,Candace Harper,1975-01-25 00:49:07,Female,0
441,Chester,Barney,Barney Chester,1949-04-15 14:21:01,Male,0
442,Eagle,Ramon,Ramon Eagle,1978-06-05 18:32:29,Male,0
443,Collis,Elena,Elena Collis,1957-11-29 17:47:26,Female,0
444,Wood,Peter,Peter Wood,1995-03-31 16:32:04,Male,0
445,Bristow,Erick,Erick Bristow,1980-01-17 22:51:09,Male,0
446,Mason,Ronald,Ronald Mason,1964-03-30 00:35:02,Male,0
447,Mcguire,Leroy,Leroy Mcguire,1962-02-21 13:47:43,Male,0
448,Tate,Vera,Vera Tate,1970-09-22 11:06:52,Female,0
449,Anderson,Jessica,Jessica Anderson,1961-10-19 00:51:39,Female,0
450,Dobson,Eryn,Eryn Dobson,1993-03-25 20:30:00,Female,0
451,Farmer,Miley,Miley Farmer,1947-05-17 20:13:57,Female,0
452,Dixon,Carmella,Carmella Dixon,1994-11-12 09:49:49,Female,0
453,Drake,Lynn,Lynn Drake,1967-02-12 14:19:09,Female,0
454,Martin,Michael,Michael Martin,2000-01-30 09:48:27,Male,0
455,Windsor,Jack,Jack Windsor,1948-09-26 06:07:25,Male,0
456,Roscoe,Cassidy,Cassidy Roscoe,1975-08-18 00:49:37,Female,0
457,Taylor,Havana,Havana Taylor,1986-09-27 19:46:24,Female,0
458,Matthews,Nicholas,Nicholas Matthews,1992-05-12 09:54:41,Male,0
459,Little,Eve,Eve Little,1994-04-03 21:34:48,Female,0
460,Beal,Summer,Summer Beal,1985-04-04 08:41:12,Female,0
461,Walker,Bridget,Bridget Walker,1981-06-17 14:48:36,Female,0
462,Herbert,Daron,Daron Herbert,1978-09-26 19:50:46,Male,0
463,Benfield,Alba,Alba Benfield,1991-07-03 21:39:24,Female,0
464,Logan,Jayden,Jayden Logan,1979-08-28 14:34:25,Male,0
465,Neville,Martin,Martin Neville,1999-03-12 06:25:12,Male,0
466,Weldon,Tony,Tony Weldon,1973-08-16 21:08:12,Male,0
467,Faulkner,Janelle,Janelle Faulkner,1972-04-28 05:28:18,Female,0
468,Russell,Claire,Claire Russell,1985-07-24 03:49:37,Female,0
469,Abbot,Russel,Russel Abbot,1981-06-23 14:18:36,Male,0
470,Newman,Elisabeth,Elisabeth Newman,1954-07-25 09:14:27,Female,0
471,Hobbs,Renee,Renee Hobbs,1954-08-13 15:48:04,Female,0
472,Keys,Michael,Michael Keys,1962-10-22 19:03:43,Male,0
473,Bell,Sebastian,Sebastian Bell,1984-04-13 19:52:04,Male,0
474,Wilkinson,Alexia,Alexia Wilkinson,1959-08-06 06:07:43,Female,0
475,Clifton,Marilyn,Marilyn Clifton,1981-02-07 12:30:16,Female,0
476,Pierce,Eve,Eve Pierce,1956-12-03 09:03:40,Female,0
477,Donnelly,Ryan,Ryan Donnelly,1983-03-13 01:43:01,Male,0
478,Henderson,Miley,Miley Henderson,1969-02-19 12:26:36,Female,0
479,Wade,Elijah,Elijah Wade,1985-08-17 09:47:51,Male,0
480,Mann,Scarlett,Scarlett Mann,1953-11-19 12:27:51,Female,0
481,Furnell,Phillip,Phillip Furnell,1969-12-02 14:33:22,Male,0
482,Thompson,Clint,Clint Thompson,1965-10-11 12:31:25,Male,0
483,Tailor,Penelope,Penelope Tailor,1988-06-29 18:51:51,Female,0
484,Vernon,Samara,Samara Vernon,1979-09-05 12:41:32,Female,0
485,Asher,Phoebe,Phoebe Asher,1980-11-04 08:57:04,Female,0
486,Griffiths,Nate,Nate Griffiths,1948-06-24 15:15:40,Male,0
487,Gregory,Sylvia,Sylvia Gregory,1988-06-29 12:34:28,Female,0
488,Richardson,Candice,Candice Richardson,1990-07-12 18:47:48,Female,0
489,Tate,Mike,Mike Tate,1954-05-28 16:50:08,Male,0
490,Bryant,Payton,Payton Bryant,1974-09-06 21:42:57,Female,0
491,Norman,Luke,Luke Norman,1991-02-17 03:33:13,Male,0
492,Leigh,Felicity,Felicity Leigh,1976-03-19 04:13:56,Female,0
493,Weston,Nathan,Nathan Weston,1975-01-08 14:02:11,Male,0
494,Lynn,Jasmine,Jasmine Lynn,1957-08-26 19:02:07,Female,0
495,Randall,Quinn,Quinn Randall,1958-06-06 20:33:12,Female,0
496,Cunningham,Jacob,Jacob Cunningham,1988-08-14 12:35:19,Male,0
497,May,Diane,Diane May,1967-05-29 14:23:21,Female,0
498,Gosling,Julius,Julius Gosling,1989-09-12 09:41:57,Male,0
499,Reese,Joseph,Joseph Reese,1990-09-15 07:19:02,Male,0
500,Archer,Marigold,Marigold Archer,1989-07-18 20:48:55,Female,0